1月21日,games/2088
1月21日,games/2099
1月21日,2088/4.html
1月21日,2088/11.html
1月21日,2088/15.html
1月21日,2088/23.html
1月21日,2088/22.html
1月21日,2088/25.html
1月21日,2088/29.html
1月21日,2088/35.html
1月22日,200/6.html
1月22日,2051/1.html
1月22日,2090/2.html
1月22日,200/5.html
1月22日,2093/3.html
1月22日,2096/7.html
1月22日,2051/8.html
1月22日,2096/9.html
1月22日,2090/10.html
1月22日,news/12.html
1月23日,2088/42.html
1月23日,200/43.html
1月23日,news/44.html
1月23日,news/45.html
1月23日,200/46.html
1月23日,200/47.html
1月23日,news/13.html
1月23日,news/14.html
1月23日,news/16.html
1月23日,news/17.html
1月24日,2051/48.html
1月24日,2051/49.html
1月24日,2051/50.html
1月24日,2051/51.html
1月24日,2051/52.html
1月24日,news/18.html
1月24日,news/19.html
1月24日,news/20.html
1月24日,news/21.html
1月24日,news/24.html
1月25日,news/26.html
1月25日,news/27.html
1月25日,news/28.html
1月25日,news/30.html
1月25日,news/31.html
1月25日,news/32.html
1月25日,news/33.html
1月25日,news/34.html
1月25日,news/36.html
1月25日,games/2032
1月26日,games/2034
1月26日,games/2035
1月26日,games/2036
1月26日,games/2037
1月26日,games/2038
1月26日,games/2039
1月26日,games/2040
1月26日,games/2046
1月26日,games/2047
1月26日,games/2048
1月27日,2088/37.html
1月27日,2088/38.html
1月27日,2088/39.html
1月27日,200/40.html
1月27日,news/41.html
1月27日,2088/42.html
1月27日,200/43.html
1月27日,news/44.html
1月27日,news/45.html
1月27日,200/46.html
1月28日,games/2049
1月28日,games/2050
1月28日,games/2051
1月28日,games/2052
1月28日,games/2053
1月28日,games/2054
1月28日,games/2055
1月28日,games/2056
1月28日,games/2057
1月28日,games/2058
1月29日,200/47.html
1月29日,2051/48.html
1月29日,2051/49.html
1月29日,2051/50.html
1月29日,2051/51.html
1月29日,2051/52.html
1月29日,2051/53.html
1月29日,2090/54.html
1月29日,2090/55.html
1月29日,2090/56.html
1月30日,games/2059
1月30日,games/2060
1月30日,games/2061
1月30日,games/2062
1月30日,games/2063
1月30日,games/2064
1月30日,games/2073
1月30日,games/2074
1月30日,games/2075
1月30日,games/2076
1月31日,2090/57.html
1月31日,200/58.html
1月31日,200/59.html
1月31日,200/60.html
1月31日,200/61.html
1月31日,200/62.html
1月31日,200/63.html
1月31日,2093/67.html
1月31日,2093/64.html
1月31日,2093/65.html
2月1日,games/2077
2月1日,games/2078
2月1日,games/2079
2月1日,games/2086
2月1日,games/2087
2月1日,games/2088
2月1日,games/2089
2月1日,games/2090
2月1日,games/2091
2月1日,games/2092
2月2日,2093/66.html
2月2日,2096/68.html
2月2日,2096/69.html
2月2日,2096/70.html
2月2日,2096/71.html
2月2日,200/72.html
2月2日,news/73.html
2月2日,news/74.html
2月2日,news/75.html
2月2日,news/76.html
2月3日,news/77.html
2月3日,games/2093
2月3日,games/2094
2月3日,games/2095
2月3日,games/2096
2月3日,games/2097
2月3日,games/2098
2月3日,games/2099
2月3日,games/2100
2月3日,games/2101
2月4日,news/78.html
2月4日,news/79.html
2月4日,news/80.html
2月4日,news/81.html
2月4日,news/82.html
2月4日,news/83.html
2月4日,news/84.html
2月4日,news/85.html
2月4日,news/86.html
2月4日,200/87.html
2月5日,news/88.html
2月5日,news/89.html
2月5日,news/90.html
2月5日,200/91.html
2月5日,200/92.html
2月5日,news/93.html
2月5日,news/94.html
2月5日,news/95.html
2月5日,200/96.html
2月5日,200/97.html
2月6日,200/98.html
2月6日,news/99.html
2月6日,news/100.html
2月6日,news/101.html
2月6日,200/102.html
2月6日,200/103.html
2月6日,news/104.html
2月6日,200/105.html
2月6日,news/107.html
2月6日,news/106.html
2月7日,news/108.html
2月7日,200/109.html
2月7日,200/110.html
2月7日,200/111.html
2月7日,news/112.html
2月7日,game/2102
2月7日,game/2105
2月7日,game/2120
2月7日,game/2121
2月7日,game/2122
2月8日,game/2123
2月8日,game/2124
2月8日,game/2125
2月8日,game/2126
2月8日,game/2127
2月8日,game/2128
2月8日,game/2129
2月8日,game/2130
2月8日,game/2131
2月8日,game/2132
2月9日,game/2133
2月9日,game/2134
2月9日,game/2135
2月9日,game/2136
2月9日,game/2137
2月9日,game/2138
2月9日,game/2139
2月9日,game/2140
2月9日,game/2141
2月9日,game/2142
2月10日,game/2143
2月10日,game/2144
2月10日,game/2145
2月10日,news/113.html
2月10日,200/114.html
2月10日,200/115.html
2月10日,news/116.html
2月10日,news/117.html
2月10日,news/118.html
2月10日,200/119.html
2月11日,200/120.html
2月11日,200/121.html
2月11日,
2月11日,
2月11日,
2月11日,
2月11日,
2月11日,
2月11日,
2月11日,
2月12日,
2月12日,
2月12日,
2月12日,
2月12日,
2月12日,
2月12日,
2月12日,
2月12日,
2月12日,
2月13日,
2月13日,
2月13日,
2月13日,
2月13日,
2月13日,
2月13日,
2月13日,
2月13日,
2月13日,
2月14日,
2月14日,
2月14日,
2月14日,
2月14日,
2月14日,
2月14日,
2月14日,
2月14日,
2月14日,
2月15日,
2月15日,
2月15日,
2月15日,
2月15日,
2月15日,
2月15日,
2月15日,
2月15日,
2月15日,
2月16日,
2月16日,
2月16日,
2月16日,
2月16日,
2月16日,
2月16日,
2月16日,
2月16日,
2月16日,
2月17日,
2月17日,
2月17日,
2月17日,
2月17日,
2月17日,
2月17日,
2月17日,
2月17日,
2月17日,
2月18日,
2月18日,
2月18日,
2月18日,
2月18日,
2月18日,
2月18日,
2月18日,
2月18日,
2月18日,
2月19日,
2月19日,
2月19日,
2月19日,
2月19日,
2月19日,
2月19日,
2月19日,
2月19日,
2月19日,
2月20日,
2月20日,
2月20日,
2月20日,
2月20日,
2月20日,
2月20日,
2月20日,
2月20日,
2月20日,
2月21日,
2月21日,
2月21日,
2月21日,
2月21日,
2月21日,
2月21日,
2月21日,
2月21日,
2月21日,
2月22日,
2月22日,
2月22日,
2月22日,
2月22日,
2月22日,
2月22日,
2月22日,
2月22日,
2月22日,
2月23日,
2月23日,
2月23日,
2月23日,
2月23日,
2月23日,
2月23日,
2月23日,
2月23日,
2月23日,
2月24日,
2月24日,
2月24日,
2月24日,
2月24日,
2月24日,
2月24日,
2月24日,
2月24日,
2月24日,
2月25日,
2月25日,
2月25日,
2月25日,
2月25日,
2月25日,
2月25日,
2月25日,
2月25日,
2月25日,
2月26日,
2月26日,
2月26日,
2月26日,
2月26日,
2月26日,
2月26日,
2月26日,
2月26日,
2月26日,
2月27日,
2月27日,
2月27日,
2月27日,
2月27日,
2月27日,
2月27日,
2月27日,
2月27日,
2月27日,
2月28日,
2月28日,
2月28日,
2月28日,
2月28日,
2月28日,
2月28日,
2月28日,
2月28日,
2月28日,
3月1日,
3月1日,
